video_id,filepath
OfLhd_wJux8,2020/OfLhd_wJux8.mkv
TGghm3K1NXQ,2020/TGghm3K1NXQ.mkv
u0RqfETo2ok,2020/u0RqfETo2ok.mkv
oaKjYmfK_Pw,2020/oaKjYmfK_Pw.mkv
oqGij9ylbAk,2020/oqGij9ylbAk.mkv
QT2Anb4MY38,2020/QT2Anb4MY38.mkv
jbvQvJV_97M,2020/jbvQvJV_97M.mkv
g8pt9OoaPlY,2020/g8pt9OoaPlY.mkv
AONuDilRd5k,2020/AONuDilRd5k.mkv
_nSQhWq7etg,2020/_nSQhWq7etg.mkv
-W8pOz1fsD0,2020/-W8pOz1fsD0.mkv
ChIQpmBLPAo,2020/ChIQpmBLPAo.mkv
GC6ksHacdXI,2020/GC6ksHacdXI.mkv
lsa5PDPgJmI,2020/lsa5PDPgJmI.mkv
MGBHNeYbsbg,2020/MGBHNeYbsbg.mkv
-mXoZz1dqMQ,2020/-mXoZz1dqMQ.mkv
Jgye_cEhfGQ,2020/Jgye_cEhfGQ.mkv
-jpEsYBH3g4,2020/-jpEsYBH3g4.mkv
ljAdSzBv0ug,2020/ljAdSzBv0ug.mkv
RFR3AJ-jE88,2020/RFR3AJ-jE88.mkv
RLbry-3z8yQ,2020/RLbry-3z8yQ.mkv
sM1I11qUM44,2020/sM1I11qUM44.mkv
RxwUv1BcPwg,2020/RxwUv1BcPwg.mkv
sSc4Y4Z9lsk,2020/sSc4Y4Z9lsk.mkv
9wCiCJ7KDs8,2020/9wCiCJ7KDs8.mkv
ttiEgVcV-Xo,2020/ttiEgVcV-Xo.mkv
b2MEP246DxY,2020/b2MEP246DxY.mkv
S3moqQqx3Nk,2020/S3moqQqx3Nk.mkv
bgS0GPQhzHg,2020/bgS0GPQhzHg.mkv
TIEtN-jVDbg,2020/TIEtN-jVDbg.mkv
2W3KDB0yHYM,2020/2W3KDB0yHYM.mkv
K9j6xEBFek4,2020/K9j6xEBFek4.mkv
c5mAaBl_qqk,2020/c5mAaBl_qqk.mkv
WygmbuU_78c,2020/WygmbuU_78c.mkv
X5_GpmLuea4,2020/X5_GpmLuea4.mkv
7ycVIGqnLO8,2020/7ycVIGqnLO8.mkv
